INSERT INTO `users` (`userName`, `password`, `isActive`, `creationDate`) VALUES ('user1', 'asdfasdf', 1, '2024-07-10');
INSERT INTO `users` (`userName`, `password`, `isActive`, `creationDate`) VALUES ('user2', 'asdfasdf', 1, '2024-07-15');
INSERT INTO `users` (`userName`, `password`, `isActive`, `creationDate`) VALUES ('user3', 'asdfasdf', 1, '2024-07-20');
INSERT INTO `users` (`userName`, `password`, `isActive`, `creationDate`) VALUES ('user4', 'asdfasdf', 1, '2024-07-25');
INSERT INTO `users` (`userName`, `password`, `isActive`, `creationDate`) VALUES ('user5', 'asdfasdf', 1, '2024-07-30');
INSERT INTO `users` (`userName`, `password`, `isActive`, `creationDate`) VALUES ('user6', 'asdfasdf', 1, '2024-08-01');
INSERT INTO `users` (`userName`, `password`, `isActive`, `creationDate`) VALUES ('user7', 'asdfasdf', 1, '2024-08-03');
INSERT INTO `users` (`userName`, `password`, `isActive`, `creationDate`) VALUES ('user8', 'asdfasdf', 1, '2024-08-05');
INSERT INTO `users` (`userName`, `password`, `isActive`, `creationDate`) VALUES ('user9', 'asdfasdf', 1, '2024-08-06');
INSERT INTO `users` (`userName`, `password`, `isActive`, `creationDate`) VALUES ('user10', 'asdfasdf', 1, '2024-08-07');
INSERT INTO `users` (`userName`, `password`, `isActive`, `creationDate`) VALUES ('user11', 'asdfasdf', 1, '2024-08-08');
INSERT INTO `users` (`userName`, `password`, `isActive`, `creationDate`) VALUES ('user12', 'asdfasdf', 1, '2024-08-09');
INSERT INTO `users` (`userName`, `password`, `isActive`, `creationDate`) VALUES ('user13', 'asdfasdf', 1, '2024-07-11');
INSERT INTO `users` (`userName`, `password`, `isActive`, `creationDate`) VALUES ('user14', 'asdfasdf', 1, '2024-07-16');
INSERT INTO `users` (`userName`, `password`, `isActive`, `creationDate`) VALUES ('user15', 'asdfasdf', 1, '2024-07-21');
INSERT INTO `users` (`userName`, `password`, `isActive`, `creationDate`) VALUES ('user16', 'asdfasdf', 1, '2024-07-26');
INSERT INTO `users` (`userName`, `password`, `isActive`, `creationDate`) VALUES ('user17', 'asdfasdf', 1, '2024-07-31');
INSERT INTO `users` (`userName`, `password`, `isActive`, `creationDate`) VALUES ('user18', 'asdfasdf', 1, '2024-08-02');
INSERT INTO `users` (`userName`, `password`, `isActive`, `creationDate`) VALUES ('user19', 'asdfasdf', 1, '2024-08-04');
INSERT INTO `users` (`userName`, `password`, `isActive`, `creationDate`) VALUES ('user20', 'asdfasdf', 1, '2024-08-08');
INSERT INTO `users` (`userName`, `password`, `isActive`, `creationDate`) VALUES ('user21', 'asdfasdf', 1, '2024-06-08');


INSERT INTO `chats`(`id`, `name`) VALUES (10 ,'chat10');
INSERT INTO `chats`(`id`, `name`) VALUES (11, 'chat11');
INSERT INTO `chats`(`id`, `name`) VALUES (12, 'chat12');
INSERT INTO `chats`(`id`, `name`) VALUES (13, 'chat13');
INSERT INTO `chats`(`id`, `name`) VALUES (14, 'chat14');
INSERT INTO `chats`(`id`, `name`) VALUES (15, 'chat15');
INSERT INTO `chats`(`id`, `name`) VALUES (16, 'chat16');
INSERT INTO `chats`(`id`, `name`) VALUES (17, 'chat17');
INSERT INTO `chats`(`id`, `name`) VALUES (18, 'chat18');
INSERT INTO `chats`(`id`, `name`) VALUES (19, 'chat19');
INSERT INTO `chats`(`id`, `name`) VALUES (20, 'chat20');
INSERT INTO `chats`(`id`, `name`) VALUES (21, 'chat21');


INSERT INTO `users_charts`(`chatsId`, `usersId`) VALUES (10,1);
INSERT INTO `users_charts`(`chatsId`, `usersId`) VALUES (10,10);

INSERT INTO `users_charts`(`chatsId`, `usersId`) VALUES (11,1);
INSERT INTO `users_charts`(`chatsId`, `usersId`) VALUES (11,11);

INSERT INTO `users_charts`(`chatsId`, `usersId`) VALUES (12,1);
INSERT INTO `users_charts`(`chatsId`, `usersId`) VALUES (12,12);

INSERT INTO `users_charts`(`chatsId`, `usersId`) VALUES (13,1);
INSERT INTO `users_charts`(`chatsId`, `usersId`) VALUES (13,13);

INSERT INTO `users_charts`(`chatsId`, `usersId`) VALUES (14,1);
INSERT INTO `users_charts`(`chatsId`, `usersId`) VALUES (14,14);

INSERT INTO `users_charts`(`chatsId`, `usersId`) VALUES (15,1);
INSERT INTO `users_charts`(`chatsId`, `usersId`) VALUES (15,15);

INSERT INTO `users_charts`(`chatsId`, `usersId`) VALUES (16,1);
INSERT INTO `users_charts`(`chatsId`, `usersId`) VALUES (16,16);

INSERT INTO `users_charts`(`chatsId`, `usersId`) VALUES (17,1);
INSERT INTO `users_charts`(`chatsId`, `usersId`) VALUES (17,17);

INSERT INTO `users_charts`(`chatsId`, `usersId`) VALUES (18,1);
INSERT INTO `users_charts`(`chatsId`, `usersId`) VALUES (18,18);

INSERT INTO `users_charts`(`chatsId`, `usersId`) VALUES (19,1);
INSERT INTO `users_charts`(`chatsId`, `usersId`) VALUES (19,19);

INSERT INTO `users_charts`(`chatsId`, `usersId`) VALUES (20,1);
INSERT INTO `users_charts`(`chatsId`, `usersId`) VALUES (20,20);

INSERT INTO `users_charts`(`chatsId`, `usersId`) VALUES (21,1);
INSERT INTO `users_charts`(`chatsId`, `usersId`) VALUES (21,21);

